"[Fecha, Codigo Producto, Cantidad Vendida, Precio, Total]",2026-01-05,A001,1,,
"[Fecha, Codigo Producto, Cantidad Vendida, Precio, Total]",2026-01-06,A001,1,,
"[Fecha, Codigo Producto, Cantidad Vendida, Precio, Total]",2026-01-06,A001,1,,
"[Fecha, Codigo Producto, Cantidad Vendida, Precio, Total]",2026-01-07,A001,3,,
"[Fecha, Codigo Producto, Cantidad Vendida, Precio, Total]",2026-01-07,A001,3,,
"[Fecha, Codigo Producto, Cantidad Vendida, Precio, Total]",2026-01-07,A001,2,,
"[Fecha, Codigo Producto, Cantidad Vendida, Precio, Total]",2026-01-07,A001,1,,
"[Fecha, Codigo Producto, Cantidad Vendida, Precio, Total]",2026-01-07,A001,1,,
"[Fecha, Codigo Producto, Cantidad Vendida, Precio, Total]",2026-01-08,A001,1,,
"[Fecha, Codigo Producto, Cantidad Vendida, Precio, Total]",2026-01-08,A001,2,,
"[Fecha, Codigo Producto, Cantidad Vendida, Precio, Total]",2026-01-08,A001,1,,
"[Fecha, Codigo Producto, Cantidad Vendida, Precio, Total]",2026-01-08,A001,1,,
"[Fecha, Codigo Producto, Cantidad Vendida, Precio, Total]",2026-01-09,A001,1,,
"[Fecha, Codigo Producto, Cantidad Vendida, Precio, Total]",2026-01-09,A001,2,,
"[Fecha, Codigo Producto, Cantidad Vendida, Precio, Total]",2026-01-09,A001,3,,
"[Fecha, Codigo Producto, Cantidad Vendida, Precio, Total]",2026-01-10,A001,3,,
"[Fecha, Codigo Producto, Cantidad Vendida, Precio, Total]",2026-01-10,A001,3,,
"[Fecha, Codigo Producto, Cantidad Vendida, Precio, Total]",2026-01-10,A001,1,,
"[Fecha, Codigo Producto, Cantidad Vendida, Precio, Total]",2026-01-10,A001,2,,
"[Fecha, Codigo Producto, Cantidad Vendida, Precio, Total]",2026-01-10,A001,2,,
"[Fecha, Codigo Producto, Cantidad Vendida, Precio, Total]",2026-01-12,A001,2,,
"[Fecha, Codigo Producto, Cantidad Vendida, Precio, Total]",2026-01-12,A001,3,,
"[Fecha, Codigo Producto, Cantidad Vendida, Precio, Total]",2026-01-12,A001,2,,
"[Fecha, Codigo Producto, Cantidad Vendida, Precio, Total]",2026-01-12,A001,3,,
"[Fecha, Codigo Producto, Cantidad Vendida, Precio, Total]",2026-01-13,A001,2,,
"[Fecha, Codigo Producto, Cantidad Vendida, Precio, Total]",2026-01-13,A001,2,,
"[Fecha, Codigo Producto, Cantidad Vendida, Precio, Total]",2026-01-13,A001,1,,
"[Fecha, Codigo Producto, Cantidad Vendida, Precio, Total]",2026-01-13,A001,2,,
"[Fecha, Codigo Producto, Cantidad Vendida, Precio, Total]",2026-01-14,A001,2,,
"[Fecha, Codigo Producto, Cantidad Vendida, Precio, Total]",2026-01-14,A001,3,,
"[Fecha, Codigo Producto, Cantidad Vendida, Precio, Total]",2026-01-14,A001,3,,
"[Fecha, Codigo Producto, Cantidad Vendida, Precio, Total]",2026-01-15,A001,3,,
"[Fecha, Codigo Producto, Cantidad Vendida, Precio, Total]",2026-01-15,A001,2,,
"[Fecha, Codigo Producto, Cantidad Vendida, Precio, Total]",2026-01-15,A001,1,,
"[Fecha, Codigo Producto, Cantidad Vendida, Precio, Total]",2026-01-15,A001,1,,
"[Fecha, Codigo Producto, Cantidad Vendida, Precio, Total]",2026-01-15,A001,2,,
"[Fecha, Codigo Producto, Cantidad Vendida, Precio, Total]",2026-01-16,A001,2,,
"[Fecha, Codigo Producto, Cantidad Vendida, Precio, Total]",2026-01-16,A001,3,,
"[Fecha, Codigo Producto, Cantidad Vendida, Precio, Total]",2026-01-16,A001,2,,
"[Fecha, Codigo Producto, Cantidad Vendida, Precio, Total]",2026-01-16,A001,1,,
"[Fecha, Codigo Producto, Cantidad Vendida, Precio, Total]",2026-01-16,A001,1,,
"[Fecha, Codigo Producto, Cantidad Vendida, Precio, Total]",2026-01-16,A001,2,,
"[Fecha, Codigo Producto, Cantidad Vendida, Precio, Total]",2026-01-17,A001,3,,
"[Fecha, Codigo Producto, Cantidad Vendida, Precio, Total]",2026-01-17,A001,1,,
"[Fecha, Codigo Producto, Cantidad Vendida, Precio, Total]",2026-01-17,A001,2,,
"[Fecha, Codigo Producto, Cantidad Vendida, Precio, Total]",2026-01-19,A001,1,,
"[Fecha, Codigo Producto, Cantidad Vendida, Precio, Total]",2026-01-19,A001,1,,
"[Fecha, Codigo Producto, Cantidad Vendida, Precio, Total]",2026-01-19,A001,1,,
"[Fecha, Codigo Producto, Cantidad Vendida, Precio, Total]",2026-01-19,A001,3,,
"[Fecha, Codigo Producto, Cantidad Vendida, Precio, Total]",2026-01-19,A001,2,,
"[Fecha, Codigo Producto, Cantidad Vendida, Precio, Total]",2026-01-19,A001,3,,
"[Fecha, Codigo Producto, Cantidad Vendida, Precio, Total]",2026-01-20,A001,2,,
"[Fecha, Codigo Producto, Cantidad Vendida, Precio, Total]",2026-01-20,A001,2,,
"[Fecha, Codigo Producto, Cantidad Vendida, Precio, Total]",2026-01-21,A001,1,,
"[Fecha, Codigo Producto, Cantidad Vendida, Precio, Total]",2026-01-22,A001,2,,
"[Fecha, Codigo Producto, Cantidad Vendida, Precio, Total]",2026-01-23,A001,1,,
"[Fecha, Codigo Producto, Cantidad Vendida, Precio, Total]",2026-01-23,A001,2,,
"[Fecha, Codigo Producto, Cantidad Vendida, Precio, Total]",2026-01-23,A001,1,,
"[Fecha, Codigo Producto, Cantidad Vendida, Precio, Total]",2026-01-24,A001,3,,
"[Fecha, Codigo Producto, Cantidad Vendida, Precio, Total]",2026-01-24,A001,2,,
"[Fecha, Codigo Producto, Cantidad Vendida, Precio, Total]",2026-01-24,A001,2,,
"[Fecha, Codigo Producto, Cantidad Vendida, Precio, Total]",2026-01-24,A001,3,,
"[Fecha, Codigo Producto, Cantidad Vendida, Precio, Total]",2026-01-24,A001,3,,
"[Fecha, Codigo Producto, Cantidad Vendida, Precio, Total]",2026-01-24,A001,3,,
"[Fecha, Codigo Producto, Cantidad Vendida, Precio, Total]",2026-01-24,A001,2,,
"[Fecha, Codigo Producto, Cantidad Vendida, Precio, Total]",2026-01-24,A001,1,,
"[Fecha, Codigo Producto, Cantidad Vendida, Precio, Total]",2026-01-26,A001,2,,
"[Fecha, Codigo Producto, Cantidad Vendida, Precio, Total]",2026-01-26,A001,2,,
"[Fecha, Codigo Producto, Cantidad Vendida, Precio, Total]",2026-01-26,A001,3,,
"[Fecha, Codigo Producto, Cantidad Vendida, Precio, Total]",2026-01-26,A001,3,,
"[Fecha, Codigo Producto, Cantidad Vendida, Precio, Total]",2026-01-27,A001,1,,
"[Fecha, Codigo Producto, Cantidad Vendida, Precio, Total]",2026-01-27,A001,1,,
"[Fecha, Codigo Producto, Cantidad Vendida, Precio, Total]",2026-01-27,A001,2,,
"[Fecha, Codigo Producto, Cantidad Vendida, Precio, Total]",2026-01-27,A001,2,,
"[Fecha, Codigo Producto, Cantidad Vendida, Precio, Total]",2026-01-27,A001,2,,
"[Fecha, Codigo Producto, Cantidad Vendida, Precio, Total]",2026-01-28,A001,2,,
"[Fecha, Codigo Producto, Cantidad Vendida, Precio, Total]",2026-01-28,A001,1,,
"[Fecha, Codigo Producto, Cantidad Vendida, Precio, Total]",2026-01-29,A001,2,,
"[Fecha, Codigo Producto, Cantidad Vendida, Precio, Total]",2026-01-29,A001,3,,
"[Fecha, Codigo Producto, Cantidad Vendida, Precio, Total]",2026-01-29,A001,3,,
"[Fecha, Codigo Producto, Cantidad Vendida, Precio, Total]",2026-01-29,A001,3,,
"[Fecha, Codigo Producto, Cantidad Vendida, Precio, Total]",2026-01-29,A001,2,,
"[Fecha, Codigo Producto, Cantidad Vendida, Precio, Total]",2026-01-29,A001,2,,
"[Fecha, Codigo Producto, Cantidad Vendida, Precio, Total]",2026-01-30,A001,2,,
"[Fecha, Codigo Producto, Cantidad Vendida, Precio, Total]",2026-01-30,A001,1,,
"[Fecha, Codigo Producto, Cantidad Vendida, Precio, Total]",2026-01-30,A001,1,,
"[Fecha, Codigo Producto, Cantidad Vendida, Precio, Total]",2026-01-30,A001,1,,
"[Fecha, Codigo Producto, Cantidad Vendida, Precio, Total]",2026-01-30,A001,3,,
"[Fecha, Codigo Producto, Cantidad Vendida, Precio, Total]",2026-01-31,A001,2,,
"[Fecha, Codigo Producto, Cantidad Vendida, Precio, Total]",2026-01-31,A001,1,,
"[Fecha, Codigo Producto, Cantidad Vendida, Precio, Total]",2026-01-31,A001,2,,
"[Fecha, Codigo Producto, Cantidad Vendida, Precio, Total]",2026-01-31,A001,1,,
"[Fecha, Codigo Producto, Cantidad Vendida, Precio, Total]",2026-02-02,A001,1,,
"[Fecha, Codigo Producto, Cantidad Vendida, Precio, Total]",2026-02-02,A001,2,,
"[Fecha, Codigo Producto, Cantidad Vendida, Precio, Total]",2026-02-02,A001,2,,
"[Fecha, Codigo Producto, Cantidad Vendida, Precio, Total]",2026-02-02,A001,2,,
"[Fecha, Codigo Producto, Cantidad Vendida, Precio, Total]",2026-02-02,A001,1,,
"[Fecha, Codigo Producto, Cantidad Vendida, Precio, Total]",2026-02-03,A001,1,,
"[Fecha, Codigo Producto, Cantidad Vendida, Precio, Total]",2026-02-03,A001,2,,
"[Fecha, Codigo Producto, Cantidad Vendida, Precio, Total]",2026-02-03,A001,2,,
"[Fecha, Codigo Producto, Cantidad Vendida, Precio, Total]",2026-02-03,A001,1,,
"[Fecha, Codigo Producto, Cantidad Vendida, Precio, Total]",2026-02-03,A001,2,,
"[Fecha, Codigo Producto, Cantidad Vendida, Precio, Total]",2026-02-03,A001,1,,
"[Fecha, Codigo Producto, Cantidad Vendida, Precio, Total]",2026-02-04,A001,3,,
"[Fecha, Codigo Producto, Cantidad Vendida, Precio, Total]",2026-02-04,A001,3,,
"[Fecha, Codigo Producto, Cantidad Vendida, Precio, Total]",2026-02-04,A001,3,,
"[Fecha, Codigo Producto, Cantidad Vendida, Precio, Total]",2026-02-05,A001,1,,
"[Fecha, Codigo Producto, Cantidad Vendida, Precio, Total]",2026-02-05,A001,3,,
"[Fecha, Codigo Producto, Cantidad Vendida, Precio, Total]",2026-02-05,A001,3,,
"[Fecha, Codigo Producto, Cantidad Vendida, Precio, Total]",2026-02-05,A001,3,,
"[Fecha, Codigo Producto, Cantidad Vendida, Precio, Total]",2026-02-05,A001,1,,
"[Fecha, Codigo Producto, Cantidad Vendida, Precio, Total]",2026-02-06,A001,3,,
"[Fecha, Codigo Producto, Cantidad Vendida, Precio, Total]",2026-02-06,A001,1,,
"[Fecha, Codigo Producto, Cantidad Vendida, Precio, Total]",2026-02-06,A001,1,,
"[Fecha, Codigo Producto, Cantidad Vendida, Precio, Total]",2026-02-06,A001,2,,
"[Fecha, Codigo Producto, Cantidad Vendida, Precio, Total]",2026-02-06,A001,3,,
"[Fecha, Codigo Producto, Cantidad Vendida, Precio, Total]",2026-02-06,A001,3,,
"[Fecha, Codigo Producto, Cantidad Vendida, Precio, Total]",2026-02-07,A001,2,,
"[Fecha, Codigo Producto, Cantidad Vendida, Precio, Total]",2026-02-07,A001,1,,
"[Fecha, Codigo Producto, Cantidad Vendida, Precio, Total]",2026-02-07,A001,2,,
"[Fecha, Codigo Producto, Cantidad Vendida, Precio, Total]",2026-02-09,A001,3,,
"[Fecha, Codigo Producto, Cantidad Vendida, Precio, Total]",2026-02-10,A001,3,,
"[Fecha, Codigo Producto, Cantidad Vendida, Precio, Total]",2026-02-10,A001,2,,
"[Fecha, Codigo Producto, Cantidad Vendida, Precio, Total]",2026-02-10,A001,2,,
"[Fecha, Codigo Producto, Cantidad Vendida, Precio, Total]",2026-02-11,A001,1,,
"[Fecha, Codigo Producto, Cantidad Vendida, Precio, Total]",2026-02-11,A001,1,,
"[Fecha, Codigo Producto, Cantidad Vendida, Precio, Total]",2026-02-11,A001,3,,
"[Fecha, Codigo Producto, Cantidad Vendida, Precio, Total]",2026-02-12,A001,2,,
"[Fecha, Codigo Producto, Cantidad Vendida, Precio, Total]",2026-02-12,A001,3,,
"[Fecha, Codigo Producto, Cantidad Vendida, Precio, Total]",2026-02-13,A001,2,,
"[Fecha, Codigo Producto, Cantidad Vendida, Precio, Total]",2026-02-13,A001,2,,
"[Fecha, Codigo Producto, Cantidad Vendida, Precio, Total]",2026-02-13,A001,2,,
"[Fecha, Codigo Producto, Cantidad Vendida, Precio, Total]",2026-02-14,A001,3,,
"[Fecha, Codigo Producto, Cantidad Vendida, Precio, Total]",2026-02-14,A001,2,,
"[Fecha, Codigo Producto, Cantidad Vendida, Precio, Total]",2026-02-14,A001,2,,
"[Fecha, Codigo Producto, Cantidad Vendida, Precio, Total]",2026-03-02,A001,1,,
"[Fecha, Codigo Producto, Cantidad Vendida, Precio, Total]",2026-03-03,A001,1,,
"[Fecha, Codigo Producto, Cantidad Vendida, Precio, Total]",2026-01-05,A002,1,,
"[Fecha, Codigo Producto, Cantidad Vendida, Precio, Total]",2026-01-05,A002,1,,
"[Fecha, Codigo Producto, Cantidad Vendida, Precio, Total]",2026-01-06,A002,1,,
"[Fecha, Codigo Producto, Cantidad Vendida, Precio, Total]",2026-01-06,A002,3,,
"[Fecha, Codigo Producto, Cantidad Vendida, Precio, Total]",2026-01-07,A002,4,,
"[Fecha, Codigo Producto, Cantidad Vendida, Precio, Total]",2026-01-07,A002,2,,
"[Fecha, Codigo Producto, Cantidad Vendida, Precio, Total]",2026-01-07,A002,1,,
"[Fecha, Codigo Producto, Cantidad Vendida, Precio, Total]",2026-01-07,A002,1,,
"[Fecha, Codigo Producto, Cantidad Vendida, Precio, Total]",2026-01-08,A002,4,,
"[Fecha, Codigo Producto, Cantidad Vendida, Precio, Total]",2026-01-08,A002,2,,
"[Fecha, Codigo Producto, Cantidad Vendida, Precio, Total]",2026-01-08,A002,3,,
"[Fecha, Codigo Producto, Cantidad Vendida, Precio, Total]",2026-01-09,A002,3,,
"[Fecha, Codigo Producto, Cantidad Vendida, Precio, Total]",2026-01-09,A002,3,,
"[Fecha, Codigo Producto, Cantidad Vendida, Precio, Total]",2026-01-10,A002,4,,
"[Fecha, Codigo Producto, Cantidad Vendida, Precio, Total]",2026-01-10,A002,4,,
"[Fecha, Codigo Producto, Cantidad Vendida, Precio, Total]",2026-01-10,A002,3,,
"[Fecha, Codigo Producto, Cantidad Vendida, Precio, Total]",2026-01-10,A002,1,,
"[Fecha, Codigo Producto, Cantidad Vendida, Precio, Total]",2026-01-10,A002,3,,
"[Fecha, Codigo Producto, Cantidad Vendida, Precio, Total]",2026-01-10,A002,4,,
"[Fecha, Codigo Producto, Cantidad Vendida, Precio, Total]",2026-01-12,A002,2,,
"[Fecha, Codigo Producto, Cantidad Vendida, Precio, Total]",2026-01-12,A002,1,,
"[Fecha, Codigo Producto, Cantidad Vendida, Precio, Total]",2026-01-12,A002,4,,
"[Fecha, Codigo Producto, Cantidad Vendida, Precio, Total]",2026-01-12,A002,4,,
"[Fecha, Codigo Producto, Cantidad Vendida, Precio, Total]",2026-01-13,A002,4,,
"[Fecha, Codigo Producto, Cantidad Vendida, Precio, Total]",2026-01-13,A002,4,,
"[Fecha, Codigo Producto, Cantidad Vendida, Precio, Total]",2026-01-13,A002,3,,
"[Fecha, Codigo Producto, Cantidad Vendida, Precio, Total]",2026-01-14,A002,1,,
"[Fecha, Codigo Producto, Cantidad Vendida, Precio, Total]",2026-01-14,A002,2,,
"[Fecha, Codigo Producto, Cantidad Vendida, Precio, Total]",2026-01-15,A002,1,,
"[Fecha, Codigo Producto, Cantidad Vendida, Precio, Total]",2026-01-15,A002,2,,
"[Fecha, Codigo Producto, Cantidad Vendida, Precio, Total]",2026-01-15,A002,2,,
"[Fecha, Codigo Producto, Cantidad Vendida, Precio, Total]",2026-01-15,A002,3,,
"[Fecha, Codigo Producto, Cantidad Vendida, Precio, Total]",2026-01-16,A002,2,,
"[Fecha, Codigo Producto, Cantidad Vendida, Precio, Total]",2026-01-16,A002,3,,
"[Fecha, Codigo Producto, Cantidad Vendida, Precio, Total]",2026-01-16,A002,1,,
"[Fecha, Codigo Producto, Cantidad Vendida, Precio, Total]",2026-01-16,A002,3,,
"[Fecha, Codigo Producto, Cantidad Vendida, Precio, Total]",2026-01-16,A002,2,,
"[Fecha, Codigo Producto, Cantidad Vendida, Precio, Total]",2026-01-16,A002,1,,
"[Fecha, Codigo Producto, Cantidad Vendida, Precio, Total]",2026-01-17,A002,3,,
"[Fecha, Codigo Producto, Cantidad Vendida, Precio, Total]",2026-01-17,A002,3,,
"[Fecha, Codigo Producto, Cantidad Vendida, Precio, Total]",2026-01-17,A002,2,,
"[Fecha, Codigo Producto, Cantidad Vendida, Precio, Total]",2026-01-17,A002,3,,
"[Fecha, Codigo Producto, Cantidad Vendida, Precio, Total]",2026-01-19,A002,3,,
"[Fecha, Codigo Producto, Cantidad Vendida, Precio, Total]",2026-01-19,A002,1,,
"[Fecha, Codigo Producto, Cantidad Vendida, Precio, Total]",2026-01-19,A002,2,,
"[Fecha, Codigo Producto, Cantidad Vendida, Precio, Total]",2026-01-20,A002,3,,
"[Fecha, Codigo Producto, Cantidad Vendida, Precio, Total]",2026-01-20,A002,4,,
"[Fecha, Codigo Producto, Cantidad Vendida, Precio, Total]",2026-01-21,A002,4,,
"[Fecha, Codigo Producto, Cantidad Vendida, Precio, Total]",2026-01-21,A002,2,,
"[Fecha, Codigo Producto, Cantidad Vendida, Precio, Total]",2026-01-21,A002,4,,
"[Fecha, Codigo Producto, Cantidad Vendida, Precio, Total]",2026-01-23,A002,3,,
"[Fecha, Codigo Producto, Cantidad Vendida, Precio, Total]",2026-01-23,A002,2,,
"[Fecha, Codigo Producto, Cantidad Vendida, Precio, Total]",2026-01-23,A002,2,,
"[Fecha, Codigo Producto, Cantidad Vendida, Precio, Total]",2026-01-24,A002,4,,
"[Fecha, Codigo Producto, Cantidad Vendida, Precio, Total]",2026-01-24,A002,3,,
"[Fecha, Codigo Producto, Cantidad Vendida, Precio, Total]",2026-01-24,A002,1,,
"[Fecha, Codigo Producto, Cantidad Vendida, Precio, Total]",2026-01-24,A002,2,,
"[Fecha, Codigo Producto, Cantidad Vendida, Precio, Total]",2026-01-24,A002,4,,
"[Fecha, Codigo Producto, Cantidad Vendida, Precio, Total]",2026-01-26,A002,1,,
"[Fecha, Codigo Producto, Cantidad Vendida, Precio, Total]",2026-01-26,A002,2,,
"[Fecha, Codigo Producto, Cantidad Vendida, Precio, Total]",2026-01-26,A002,3,,
"[Fecha, Codigo Producto, Cantidad Vendida, Precio, Total]",2026-01-26,A002,1,,
"[Fecha, Codigo Producto, Cantidad Vendida, Precio, Total]",2026-01-27,A002,1,,
"[Fecha, Codigo Producto, Cantidad Vendida, Precio, Total]",2026-01-27,A002,2,,
"[Fecha, Codigo Producto, Cantidad Vendida, Precio, Total]",2026-01-27,A002,2,,
"[Fecha, Codigo Producto, Cantidad Vendida, Precio, Total]",2026-01-27,A002,4,,
"[Fecha, Codigo Producto, Cantidad Vendida, Precio, Total]",2026-01-28,A002,4,,
"[Fecha, Codigo Producto, Cantidad Vendida, Precio, Total]",2026-01-28,A002,1,,
"[Fecha, Codigo Producto, Cantidad Vendida, Precio, Total]",2026-01-29,A002,2,,
"[Fecha, Codigo Producto, Cantidad Vendida, Precio, Total]",2026-01-29,A002,4,,
"[Fecha, Codigo Producto, Cantidad Vendida, Precio, Total]",2026-01-29,A002,2,,
"[Fecha, Codigo Producto, Cantidad Vendida, Precio, Total]",2026-01-29,A002,3,,
"[Fecha, Codigo Producto, Cantidad Vendida, Precio, Total]",2026-01-29,A002,3,,
"[Fecha, Codigo Producto, Cantidad Vendida, Precio, Total]",2026-01-29,A002,4,,
"[Fecha, Codigo Producto, Cantidad Vendida, Precio, Total]",2026-01-30,A002,1,,
"[Fecha, Codigo Producto, Cantidad Vendida, Precio, Total]",2026-01-30,A002,4,,
"[Fecha, Codigo Producto, Cantidad Vendida, Precio, Total]",2026-01-30,A002,3,,
"[Fecha, Codigo Producto, Cantidad Vendida, Precio, Total]",2026-01-30,A002,1,,
"[Fecha, Codigo Producto, Cantidad Vendida, Precio, Total]",2026-01-31,A002,2,,
"[Fecha, Codigo Producto, Cantidad Vendida, Precio, Total]",2026-01-31,A002,4,,
"[Fecha, Codigo Producto, Cantidad Vendida, Precio, Total]",2026-01-31,A002,1,,
"[Fecha, Codigo Producto, Cantidad Vendida, Precio, Total]",2026-01-31,A002,3,,
"[Fecha, Codigo Producto, Cantidad Vendida, Precio, Total]",2026-02-02,A002,4,,
"[Fecha, Codigo Producto, Cantidad Vendida, Precio, Total]",2026-02-02,A002,4,,
"[Fecha, Codigo Producto, Cantidad Vendida, Precio, Total]",2026-02-02,A002,3,,
"[Fecha, Codigo Producto, Cantidad Vendida, Precio, Total]",2026-02-02,A002,1,,
"[Fecha, Codigo Producto, Cantidad Vendida, Precio, Total]",2026-02-02,A002,3,,
"[Fecha, Codigo Producto, Cantidad Vendida, Precio, Total]",2026-02-03,A002,4,,
"[Fecha, Codigo Producto, Cantidad Vendida, Precio, Total]",2026-02-03,A002,1,,
"[Fecha, Codigo Producto, Cantidad Vendida, Precio, Total]",2026-02-03,A002,4,,
"[Fecha, Codigo Producto, Cantidad Vendida, Precio, Total]",2026-02-03,A002,2,,
"[Fecha, Codigo Producto, Cantidad Vendida, Precio, Total]",2026-02-03,A002,2,,
"[Fecha, Codigo Producto, Cantidad Vendida, Precio, Total]",2026-02-04,A002,2,,
"[Fecha, Codigo Producto, Cantidad Vendida, Precio, Total]",2026-02-04,A002,1,,
"[Fecha, Codigo Producto, Cantidad Vendida, Precio, Total]",2026-02-04,A002,3,,
"[Fecha, Codigo Producto, Cantidad Vendida, Precio, Total]",2026-02-04,A002,4,,
"[Fecha, Codigo Producto, Cantidad Vendida, Precio, Total]",2026-02-04,A002,2,,
"[Fecha, Codigo Producto, Cantidad Vendida, Precio, Total]",2026-02-05,A002,4,,
"[Fecha, Codigo Producto, Cantidad Vendida, Precio, Total]",2026-02-05,A002,2,,
"[Fecha, Codigo Producto, Cantidad Vendida, Precio, Total]",2026-02-05,A002,3,,
"[Fecha, Codigo Producto, Cantidad Vendida, Precio, Total]",2026-02-05,A002,4,,
"[Fecha, Codigo Producto, Cantidad Vendida, Precio, Total]",2026-02-05,A002,4,,
"[Fecha, Codigo Producto, Cantidad Vendida, Precio, Total]",2026-02-05,A002,2,,
"[Fecha, Codigo Producto, Cantidad Vendida, Precio, Total]",2026-02-05,A002,4,,
"[Fecha, Codigo Producto, Cantidad Vendida, Precio, Total]",2026-02-06,A002,3,,
"[Fecha, Codigo Producto, Cantidad Vendida, Precio, Total]",2026-02-06,A002,2,,
"[Fecha, Codigo Producto, Cantidad Vendida, Precio, Total]",2026-02-06,A002,1,,
"[Fecha, Codigo Producto, Cantidad Vendida, Precio, Total]",2026-02-06,A002,3,,
"[Fecha, Codigo Producto, Cantidad Vendida, Precio, Total]",2026-02-07,A002,1,,
"[Fecha, Codigo Producto, Cantidad Vendida, Precio, Total]",2026-02-07,A002,2,,
"[Fecha, Codigo Producto, Cantidad Vendida, Precio, Total]",2026-02-07,A002,4,,
"[Fecha, Codigo Producto, Cantidad Vendida, Precio, Total]",2026-02-09,A002,3,,
"[Fecha, Codigo Producto, Cantidad Vendida, Precio, Total]",2026-02-09,A002,3,,
"[Fecha, Codigo Producto, Cantidad Vendida, Precio, Total]",2026-02-10,A002,3,,
"[Fecha, Codigo Producto, Cantidad Vendida, Precio, Total]",2026-02-11,A002,3,,
"[Fecha, Codigo Producto, Cantidad Vendida, Precio, Total]",2026-02-11,A002,4,,
"[Fecha, Codigo Producto, Cantidad Vendida, Precio, Total]",2026-02-11,A002,2,,
"[Fecha, Codigo Producto, Cantidad Vendida, Precio, Total]",2026-02-11,A002,2,,
"[Fecha, Codigo Producto, Cantidad Vendida, Precio, Total]",2026-02-11,A002,4,,
"[Fecha, Codigo Producto, Cantidad Vendida, Precio, Total]",2026-02-12,A002,3,,
"[Fecha, Codigo Producto, Cantidad Vendida, Precio, Total]",2026-02-12,A002,1,,
"[Fecha, Codigo Producto, Cantidad Vendida, Precio, Total]",2026-02-12,A002,1,,
"[Fecha, Codigo Producto, Cantidad Vendida, Precio, Total]",2026-02-13,A002,1,,
"[Fecha, Codigo Producto, Cantidad Vendida, Precio, Total]",2026-02-13,A002,2,,
"[Fecha, Codigo Producto, Cantidad Vendida, Precio, Total]",2026-02-14,A002,1,,
"[Fecha, Codigo Producto, Cantidad Vendida, Precio, Total]",2026-02-14,A002,1,,
"[Fecha, Codigo Producto, Cantidad Vendida, Precio, Total]",2026-02-14,A002,2,,
"[Fecha, Codigo Producto, Cantidad Vendida, Precio, Total]",2026-03-02,A002,2,,
"[Fecha, Codigo Producto, Cantidad Vendida, Precio, Total]",2026-03-03,A002,1,,
"[Fecha, Codigo Producto, Cantidad Vendida, Precio, Total]",2026-01-05,C001,2,,
"[Fecha, Codigo Producto, Cantidad Vendida, Precio, Total]",2026-01-07,C001,1,,
"[Fecha, Codigo Producto, Cantidad Vendida, Precio, Total]",2026-01-07,C001,1,,
"[Fecha, Codigo Producto, Cantidad Vendida, Precio, Total]",2026-01-08,C001,2,,
"[Fecha, Codigo Producto, Cantidad Vendida, Precio, Total]",2026-01-08,C001,1,,
"[Fecha, Codigo Producto, Cantidad Vendida, Precio, Total]",2026-01-09,C001,3,,
"[Fecha, Codigo Producto, Cantidad Vendida, Precio, Total]",2026-01-10,C001,2,,
"[Fecha, Codigo Producto, Cantidad Vendida, Precio, Total]",2026-01-10,C001,2,,
"[Fecha, Codigo Producto, Cantidad Vendida, Precio, Total]",2026-01-10,C001,1,,
"[Fecha, Codigo Producto, Cantidad Vendida, Precio, Total]",2026-01-12,C001,2,,
"[Fecha, Codigo Producto, Cantidad Vendida, Precio, Total]",2026-01-13,C001,2,,
"[Fecha, Codigo Producto, Cantidad Vendida, Precio, Total]",2026-01-13,C001,2,,
"[Fecha, Codigo Producto, Cantidad Vendida, Precio, Total]",2026-01-13,C001,2,,
"[Fecha, Codigo Producto, Cantidad Vendida, Precio, Total]",2026-01-13,C001,1,,
"[Fecha, Codigo Producto, Cantidad Vendida, Precio, Total]",2026-01-14,C001,3,,
"[Fecha, Codigo Producto, Cantidad Vendida, Precio, Total]",2026-01-14,C001,2,,
"[Fecha, Codigo Producto, Cantidad Vendida, Precio, Total]",2026-01-15,C001,2,,
"[Fecha, Codigo Producto, Cantidad Vendida, Precio, Total]",2026-01-15,C001,1,,
"[Fecha, Codigo Producto, Cantidad Vendida, Precio, Total]",2026-01-17,C001,2,,
"[Fecha, Codigo Producto, Cantidad Vendida, Precio, Total]",2026-01-17,C001,2,,
"[Fecha, Codigo Producto, Cantidad Vendida, Precio, Total]",2026-01-19,C001,2,,
"[Fecha, Codigo Producto, Cantidad Vendida, Precio, Total]",2026-01-19,C001,1,,
"[Fecha, Codigo Producto, Cantidad Vendida, Precio, Total]",2026-01-19,C001,1,,
"[Fecha, Codigo Producto, Cantidad Vendida, Precio, Total]",2026-01-19,C001,1,,
"[Fecha, Codigo Producto, Cantidad Vendida, Precio, Total]",2026-01-20,C001,2,,
"[Fecha, Codigo Producto, Cantidad Vendida, Precio, Total]",2026-01-22,C001,1,,
"[Fecha, Codigo Producto, Cantidad Vendida, Precio, Total]",2026-01-24,C001,2,,
"[Fecha, Codigo Producto, Cantidad Vendida, Precio, Total]",2026-01-24,C001,2,,
"[Fecha, Codigo Producto, Cantidad Vendida, Precio, Total]",2026-01-24,C001,1,,
"[Fecha, Codigo Producto, Cantidad Vendida, Precio, Total]",2026-01-26,C001,1,,
"[Fecha, Codigo Producto, Cantidad Vendida, Precio, Total]",2026-01-27,C001,1,,
"[Fecha, Codigo Producto, Cantidad Vendida, Precio, Total]",2026-01-27,C001,2,,
"[Fecha, Codigo Producto, Cantidad Vendida, Precio, Total]",2026-01-28,C001,2,,
"[Fecha, Codigo Producto, Cantidad Vendida, Precio, Total]",2026-01-29,C001,1,,
"[Fecha, Codigo Producto, Cantidad Vendida, Precio, Total]",2026-01-29,C001,1,,
"[Fecha, Codigo Producto, Cantidad Vendida, Precio, Total]",2026-01-30,C001,1,,
"[Fecha, Codigo Producto, Cantidad Vendida, Precio, Total]",2026-01-30,C001,2,,
"[Fecha, Codigo Producto, Cantidad Vendida, Precio, Total]",2026-01-31,C001,3,,
"[Fecha, Codigo Producto, Cantidad Vendida, Precio, Total]",2026-01-31,C001,2,,
"[Fecha, Codigo Producto, Cantidad Vendida, Precio, Total]",2026-02-02,C001,1,,
"[Fecha, Codigo Producto, Cantidad Vendida, Precio, Total]",2026-02-02,C001,1,,
"[Fecha, Codigo Producto, Cantidad Vendida, Precio, Total]",2026-02-03,C001,2,,
"[Fecha, Codigo Producto, Cantidad Vendida, Precio, Total]",2026-02-03,C001,1,,
"[Fecha, Codigo Producto, Cantidad Vendida, Precio, Total]",2026-02-04,C001,2,,
"[Fecha, Codigo Producto, Cantidad Vendida, Precio, Total]",2026-02-04,C001,2,,
"[Fecha, Codigo Producto, Cantidad Vendida, Precio, Total]",2026-02-05,C001,2,,
"[Fecha, Codigo Producto, Cantidad Vendida, Precio, Total]",2026-02-05,C001,1,,
"[Fecha, Codigo Producto, Cantidad Vendida, Precio, Total]",2026-02-06,C001,3,,
"[Fecha, Codigo Producto, Cantidad Vendida, Precio, Total]",2026-02-06,C001,3,,
"[Fecha, Codigo Producto, Cantidad Vendida, Precio, Total]",2026-02-06,C001,2,,
"[Fecha, Codigo Producto, Cantidad Vendida, Precio, Total]",2026-02-07,C001,2,,
"[Fecha, Codigo Producto, Cantidad Vendida, Precio, Total]",2026-02-10,C001,1,,
"[Fecha, Codigo Producto, Cantidad Vendida, Precio, Total]",2026-02-10,C001,1,,
"[Fecha, Codigo Producto, Cantidad Vendida, Precio, Total]",2026-02-11,C001,2,,
"[Fecha, Codigo Producto, Cantidad Vendida, Precio, Total]",2026-02-11,C001,3,,
"[Fecha, Codigo Producto, Cantidad Vendida, Precio, Total]",2026-02-12,C001,3,,
"[Fecha, Codigo Producto, Cantidad Vendida, Precio, Total]",2026-02-12,C001,2,,
"[Fecha, Codigo Producto, Cantidad Vendida, Precio, Total]",2026-02-13,C001,2,,
"[Fecha, Codigo Producto, Cantidad Vendida, Precio, Total]",2026-02-13,C001,2,,
"[Fecha, Codigo Producto, Cantidad Vendida, Precio, Total]",2026-02-14,C001,2,,
"[Fecha, Codigo Producto, Cantidad Vendida, Precio, Total]",2026-03-03,C001,2,,
"[Fecha, Codigo Producto, Cantidad Vendida, Precio, Total]",2026-01-07,C002,2,,
"[Fecha, Codigo Producto, Cantidad Vendida, Precio, Total]",2026-01-08,C002,3,,
"[Fecha, Codigo Producto, Cantidad Vendida, Precio, Total]",2026-01-08,C002,1,,
"[Fecha, Codigo Producto, Cantidad Vendida, Precio, Total]",2026-01-09,C002,2,,
"[Fecha, Codigo Producto, Cantidad Vendida, Precio, Total]",2026-01-09,C002,1,,
"[Fecha, Codigo Producto, Cantidad Vendida, Precio, Total]",2026-01-10,C002,2,,
"[Fecha, Codigo Producto, Cantidad Vendida, Precio, Total]",2026-01-12,C002,2,,
"[Fecha, Codigo Producto, Cantidad Vendida, Precio, Total]",2026-01-12,C002,2,,
"[Fecha, Codigo Producto, Cantidad Vendida, Precio, Total]",2026-01-13,C002,2,,
"[Fecha, Codigo Producto, Cantidad Vendida, Precio, Total]",2026-01-14,C002,2,,
"[Fecha, Codigo Producto, Cantidad Vendida, Precio, Total]",2026-01-15,C002,1,,
"[Fecha, Codigo Producto, Cantidad Vendida, Precio, Total]",2026-01-15,C002,1,,
"[Fecha, Codigo Producto, Cantidad Vendida, Precio, Total]",2026-01-15,C002,1,,
"[Fecha, Codigo Producto, Cantidad Vendida, Precio, Total]",2026-01-15,C002,2,,
"[Fecha, Codigo Producto, Cantidad Vendida, Precio, Total]",2026-01-16,C002,1,,
"[Fecha, Codigo Producto, Cantidad Vendida, Precio, Total]",2026-01-16,C002,3,,
"[Fecha, Codigo Producto, Cantidad Vendida, Precio, Total]",2026-01-16,C002,2,,
"[Fecha, Codigo Producto, Cantidad Vendida, Precio, Total]",2026-01-19,C002,2,,
"[Fecha, Codigo Producto, Cantidad Vendida, Precio, Total]",2026-01-19,C002,2,,
"[Fecha, Codigo Producto, Cantidad Vendida, Precio, Total]",2026-01-19,C002,1,,
"[Fecha, Codigo Producto, Cantidad Vendida, Precio, Total]",2026-01-19,C002,1,,
"[Fecha, Codigo Producto, Cantidad Vendida, Precio, Total]",2026-01-21,C002,2,,
"[Fecha, Codigo Producto, Cantidad Vendida, Precio, Total]",2026-01-22,C002,2,,
"[Fecha, Codigo Producto, Cantidad Vendida, Precio, Total]",2026-01-23,C002,2,,
"[Fecha, Codigo Producto, Cantidad Vendida, Precio, Total]",2026-01-23,C002,2,,
"[Fecha, Codigo Producto, Cantidad Vendida, Precio, Total]",2026-01-24,C002,1,,
"[Fecha, Codigo Producto, Cantidad Vendida, Precio, Total]",2026-01-24,C002,2,,
"[Fecha, Codigo Producto, Cantidad Vendida, Precio, Total]",2026-01-24,C002,2,,
"[Fecha, Codigo Producto, Cantidad Vendida, Precio, Total]",2026-01-24,C002,2,,
"[Fecha, Codigo Producto, Cantidad Vendida, Precio, Total]",2026-01-26,C002,1,,
"[Fecha, Codigo Producto, Cantidad Vendida, Precio, Total]",2026-01-27,C002,2,,
"[Fecha, Codigo Producto, Cantidad Vendida, Precio, Total]",2026-01-27,C002,3,,
"[Fecha, Codigo Producto, Cantidad Vendida, Precio, Total]",2026-01-28,C002,1,,
"[Fecha, Codigo Producto, Cantidad Vendida, Precio, Total]",2026-01-29,C002,1,,
"[Fecha, Codigo Producto, Cantidad Vendida, Precio, Total]",2026-01-29,C002,2,,
"[Fecha, Codigo Producto, Cantidad Vendida, Precio, Total]",2026-01-29,C002,2,,
"[Fecha, Codigo Producto, Cantidad Vendida, Precio, Total]",2026-01-30,C002,1,,
"[Fecha, Codigo Producto, Cantidad Vendida, Precio, Total]",2026-01-30,C002,2,,
"[Fecha, Codigo Producto, Cantidad Vendida, Precio, Total]",2026-02-02,C002,1,,
"[Fecha, Codigo Producto, Cantidad Vendida, Precio, Total]",2026-02-03,C002,2,,
"[Fecha, Codigo Producto, Cantidad Vendida, Precio, Total]",2026-02-03,C002,2,,
"[Fecha, Codigo Producto, Cantidad Vendida, Precio, Total]",2026-02-03,C002,2,,
"[Fecha, Codigo Producto, Cantidad Vendida, Precio, Total]",2026-02-03,C002,2,,
"[Fecha, Codigo Producto, Cantidad Vendida, Precio, Total]",2026-02-06,C002,1,,
"[Fecha, Codigo Producto, Cantidad Vendida, Precio, Total]",2026-02-06,C002,2,,
"[Fecha, Codigo Producto, Cantidad Vendida, Precio, Total]",2026-02-07,C002,2,,
"[Fecha, Codigo Producto, Cantidad Vendida, Precio, Total]",2026-02-07,C002,1,,
"[Fecha, Codigo Producto, Cantidad Vendida, Precio, Total]",2026-02-10,C002,2,,
"[Fecha, Codigo Producto, Cantidad Vendida, Precio, Total]",2026-02-10,C002,1,,
"[Fecha, Codigo Producto, Cantidad Vendida, Precio, Total]",2026-02-12,C002,2,,
"[Fecha, Codigo Producto, Cantidad Vendida, Precio, Total]",2026-02-13,C002,2,,
"[Fecha, Codigo Producto, Cantidad Vendida, Precio, Total]",2026-02-14,C002,2,,
"[Fecha, Codigo Producto, Cantidad Vendida, Precio, Total]",2026-02-14,C002,1,,
"[Fecha, Codigo Producto, Cantidad Vendida, Precio, Total]",2026-01-05,G001,1,,
"[Fecha, Codigo Producto, Cantidad Vendida, Precio, Total]",2026-01-05,G001,1,,
"[Fecha, Codigo Producto, Cantidad Vendida, Precio, Total]",2026-01-05,G001,6,,
"[Fecha, Codigo Producto, Cantidad Vendida, Precio, Total]",2026-01-06,G001,3,,
"[Fecha, Codigo Producto, Cantidad Vendida, Precio, Total]",2026-01-06,G001,6,,
"[Fecha, Codigo Producto, Cantidad Vendida, Precio, Total]",2026-01-07,G001,3,,
"[Fecha, Codigo Producto, Cantidad Vendida, Precio, Total]",2026-01-07,G001,2,,
"[Fecha, Codigo Producto, Cantidad Vendida, Precio, Total]",2026-01-08,G001,5,,
"[Fecha, Codigo Producto, Cantidad Vendida, Precio, Total]",2026-01-08,G001,3,,
"[Fecha, Codigo Producto, Cantidad Vendida, Precio, Total]",2026-01-09,G001,4,,
"[Fecha, Codigo Producto, Cantidad Vendida, Precio, Total]",2026-01-10,G001,6,,
"[Fecha, Codigo Producto, Cantidad Vendida, Precio, Total]",2026-01-10,G001,6,,
"[Fecha, Codigo Producto, Cantidad Vendida, Precio, Total]",2026-01-13,G001,3,,
"[Fecha, Codigo Producto, Cantidad Vendida, Precio, Total]",2026-01-14,G001,5,,
"[Fecha, Codigo Producto, Cantidad Vendida, Precio, Total]",2026-01-15,G001,4,,
"[Fecha, Codigo Producto, Cantidad Vendida, Precio, Total]",2026-01-15,G001,3,,
"[Fecha, Codigo Producto, Cantidad Vendida, Precio, Total]",2026-01-16,G001,6,,
"[Fecha, Codigo Producto, Cantidad Vendida, Precio, Total]",2026-01-16,G001,4,,
"[Fecha, Codigo Producto, Cantidad Vendida, Precio, Total]",2026-01-17,G001,3,,
"[Fecha, Codigo Producto, Cantidad Vendida, Precio, Total]",2026-01-17,G001,2,,
"[Fecha, Codigo Producto, Cantidad Vendida, Precio, Total]",2026-01-17,G001,1,,
"[Fecha, Codigo Producto, Cantidad Vendida, Precio, Total]",2026-01-19,G001,6,,
"[Fecha, Codigo Producto, Cantidad Vendida, Precio, Total]",2026-01-19,G001,5,,
"[Fecha, Codigo Producto, Cantidad Vendida, Precio, Total]",2026-01-20,G001,5,,
"[Fecha, Codigo Producto, Cantidad Vendida, Precio, Total]",2026-01-20,G001,1,,
"[Fecha, Codigo Producto, Cantidad Vendida, Precio, Total]",2026-01-20,G001,1,,
"[Fecha, Codigo Producto, Cantidad Vendida, Precio, Total]",2026-01-21,G001,1,,
"[Fecha, Codigo Producto, Cantidad Vendida, Precio, Total]",2026-01-21,G001,5,,
"[Fecha, Codigo Producto, Cantidad Vendida, Precio, Total]",2026-01-22,G001,1,,
"[Fecha, Codigo Producto, Cantidad Vendida, Precio, Total]",2026-01-23,G001,4,,
"[Fecha, Codigo Producto, Cantidad Vendida, Precio, Total]",2026-01-23,G001,4,,
"[Fecha, Codigo Producto, Cantidad Vendida, Precio, Total]",2026-01-26,G001,1,,
"[Fecha, Codigo Producto, Cantidad Vendida, Precio, Total]",2026-01-26,G001,5,,
"[Fecha, Codigo Producto, Cantidad Vendida, Precio, Total]",2026-01-28,G001,5,,
"[Fecha, Codigo Producto, Cantidad Vendida, Precio, Total]",2026-01-28,G001,5,,
"[Fecha, Codigo Producto, Cantidad Vendida, Precio, Total]",2026-01-28,G001,6,,
"[Fecha, Codigo Producto, Cantidad Vendida, Precio, Total]",2026-01-28,G001,6,,
"[Fecha, Codigo Producto, Cantidad Vendida, Precio, Total]",2026-01-30,G001,2,,
"[Fecha, Codigo Producto, Cantidad Vendida, Precio, Total]",2026-01-31,G001,3,,
"[Fecha, Codigo Producto, Cantidad Vendida, Precio, Total]",2026-02-02,G001,5,,
"[Fecha, Codigo Producto, Cantidad Vendida, Precio, Total]",2026-02-02,G001,4,,
"[Fecha, Codigo Producto, Cantidad Vendida, Precio, Total]",2026-02-03,G001,6,,
"[Fecha, Codigo Producto, Cantidad Vendida, Precio, Total]",2026-02-03,G001,6,,
"[Fecha, Codigo Producto, Cantidad Vendida, Precio, Total]",2026-02-04,G001,2,,
"[Fecha, Codigo Producto, Cantidad Vendida, Precio, Total]",2026-02-04,G001,5,,
"[Fecha, Codigo Producto, Cantidad Vendida, Precio, Total]",2026-02-04,G001,3,,
"[Fecha, Codigo Producto, Cantidad Vendida, Precio, Total]",2026-02-04,G001,1,,
"[Fecha, Codigo Producto, Cantidad Vendida, Precio, Total]",2026-02-05,G001,6,,
"[Fecha, Codigo Producto, Cantidad Vendida, Precio, Total]",2026-02-05,G001,6,,
"[Fecha, Codigo Producto, Cantidad Vendida, Precio, Total]",2026-02-05,G001,5,,
"[Fecha, Codigo Producto, Cantidad Vendida, Precio, Total]",2026-02-07,G001,4,,
"[Fecha, Codigo Producto, Cantidad Vendida, Precio, Total]",2026-02-09,G001,3,,
"[Fecha, Codigo Producto, Cantidad Vendida, Precio, Total]",2026-02-09,G001,1,,
"[Fecha, Codigo Producto, Cantidad Vendida, Precio, Total]",2026-02-10,G001,3,,
"[Fecha, Codigo Producto, Cantidad Vendida, Precio, Total]",2026-02-10,G001,1,,
"[Fecha, Codigo Producto, Cantidad Vendida, Precio, Total]",2026-02-11,G001,6,,
"[Fecha, Codigo Producto, Cantidad Vendida, Precio, Total]",2026-02-11,G001,1,,
"[Fecha, Codigo Producto, Cantidad Vendida, Precio, Total]",2026-02-12,G001,2,,
"[Fecha, Codigo Producto, Cantidad Vendida, Precio, Total]",2026-02-12,G001,3,,
"[Fecha, Codigo Producto, Cantidad Vendida, Precio, Total]",2026-02-12,G001,4,,
"[Fecha, Codigo Producto, Cantidad Vendida, Precio, Total]",2026-02-12,G001,5,,
"[Fecha, Codigo Producto, Cantidad Vendida, Precio, Total]",2026-02-12,G001,5,,
"[Fecha, Codigo Producto, Cantidad Vendida, Precio, Total]",2026-02-14,G001,6,,
"[Fecha, Codigo Producto, Cantidad Vendida, Precio, Total]",2026-02-14,G001,3,,
"[Fecha, Codigo Producto, Cantidad Vendida, Precio, Total]",2026-02-14,G001,4,,
"[Fecha, Codigo Producto, Cantidad Vendida, Precio, Total]",2026-03-02,G001,2,,
"[Fecha, Codigo Producto, Cantidad Vendida, Precio, Total]",2026-03-02,G001,3,,
"[Fecha, Codigo Producto, Cantidad Vendida, Precio, Total]",2026-01-05,G002,5,,
"[Fecha, Codigo Producto, Cantidad Vendida, Precio, Total]",2026-01-05,G002,3,,
"[Fecha, Codigo Producto, Cantidad Vendida, Precio, Total]",2026-01-05,G002,6,,
"[Fecha, Codigo Producto, Cantidad Vendida, Precio, Total]",2026-01-06,G002,1,,
"[Fecha, Codigo Producto, Cantidad Vendida, Precio, Total]",2026-01-06,G002,6,,
"[Fecha, Codigo Producto, Cantidad Vendida, Precio, Total]",2026-01-07,G002,2,,
"[Fecha, Codigo Producto, Cantidad Vendida, Precio, Total]",2026-01-07,G002,3,,
"[Fecha, Codigo Producto, Cantidad Vendida, Precio, Total]",2026-01-08,G002,5,,
"[Fecha, Codigo Producto, Cantidad Vendida, Precio, Total]",2026-01-08,G002,1,,
"[Fecha, Codigo Producto, Cantidad Vendida, Precio, Total]",2026-01-08,G002,2,,
"[Fecha, Codigo Producto, Cantidad Vendida, Precio, Total]",2026-01-09,G002,4,,
"[Fecha, Codigo Producto, Cantidad Vendida, Precio, Total]",2026-01-10,G002,2,,
"[Fecha, Codigo Producto, Cantidad Vendida, Precio, Total]",2026-01-13,G002,5,,
"[Fecha, Codigo Producto, Cantidad Vendida, Precio, Total]",2026-01-14,G002,5,,
"[Fecha, Codigo Producto, Cantidad Vendida, Precio, Total]",2026-01-14,G002,2,,
"[Fecha, Codigo Producto, Cantidad Vendida, Precio, Total]",2026-01-14,G002,3,,
"[Fecha, Codigo Producto, Cantidad Vendida, Precio, Total]",2026-01-14,G002,4,,
"[Fecha, Codigo Producto, Cantidad Vendida, Precio, Total]",2026-01-15,G002,4,,
"[Fecha, Codigo Producto, Cantidad Vendida, Precio, Total]",2026-01-16,G002,6,,
"[Fecha, Codigo Producto, Cantidad Vendida, Precio, Total]",2026-01-16,G002,6,,
"[Fecha, Codigo Producto, Cantidad Vendida, Precio, Total]",2026-01-17,G002,1,,
"[Fecha, Codigo Producto, Cantidad Vendida, Precio, Total]",2026-01-17,G002,6,,
"[Fecha, Codigo Producto, Cantidad Vendida, Precio, Total]",2026-01-19,G002,4,,
"[Fecha, Codigo Producto, Cantidad Vendida, Precio, Total]",2026-01-19,G002,3,,
"[Fecha, Codigo Producto, Cantidad Vendida, Precio, Total]",2026-01-19,G002,4,,
"[Fecha, Codigo Producto, Cantidad Vendida, Precio, Total]",2026-01-20,G002,1,,
"[Fecha, Codigo Producto, Cantidad Vendida, Precio, Total]",2026-01-20,G002,2,,
"[Fecha, Codigo Producto, Cantidad Vendida, Precio, Total]",2026-01-20,G002,2,,
"[Fecha, Codigo Producto, Cantidad Vendida, Precio, Total]",2026-01-21,G002,5,,
"[Fecha, Codigo Producto, Cantidad Vendida, Precio, Total]",2026-01-22,G002,6,,
"[Fecha, Codigo Producto, Cantidad Vendida, Precio, Total]",2026-01-22,G002,6,,
"[Fecha, Codigo Producto, Cantidad Vendida, Precio, Total]",2026-01-22,G002,4,,
"[Fecha, Codigo Producto, Cantidad Vendida, Precio, Total]",2026-01-23,G002,2,,
"[Fecha, Codigo Producto, Cantidad Vendida, Precio, Total]",2026-01-23,G002,5,,
"[Fecha, Codigo Producto, Cantidad Vendida, Precio, Total]",2026-01-23,G002,2,,
"[Fecha, Codigo Producto, Cantidad Vendida, Precio, Total]",2026-01-26,G002,4,,
"[Fecha, Codigo Producto, Cantidad Vendida, Precio, Total]",2026-01-27,G002,6,,
"[Fecha, Codigo Producto, Cantidad Vendida, Precio, Total]",2026-01-27,G002,4,,
"[Fecha, Codigo Producto, Cantidad Vendida, Precio, Total]",2026-01-28,G002,5,,
"[Fecha, Codigo Producto, Cantidad Vendida, Precio, Total]",2026-01-28,G002,6,,
"[Fecha, Codigo Producto, Cantidad Vendida, Precio, Total]",2026-01-28,G002,5,,
"[Fecha, Codigo Producto, Cantidad Vendida, Precio, Total]",2026-01-28,G002,6,,
"[Fecha, Codigo Producto, Cantidad Vendida, Precio, Total]",2026-01-30,G002,5,,
"[Fecha, Codigo Producto, Cantidad Vendida, Precio, Total]",2026-01-31,G002,6,,
"[Fecha, Codigo Producto, Cantidad Vendida, Precio, Total]",2026-02-02,G002,6,,
"[Fecha, Codigo Producto, Cantidad Vendida, Precio, Total]",2026-02-02,G002,6,,
"[Fecha, Codigo Producto, Cantidad Vendida, Precio, Total]",2026-02-02,G002,1,,
"[Fecha, Codigo Producto, Cantidad Vendida, Precio, Total]",2026-02-02,G002,6,,
"[Fecha, Codigo Producto, Cantidad Vendida, Precio, Total]",2026-02-03,G002,1,,
"[Fecha, Codigo Producto, Cantidad Vendida, Precio, Total]",2026-02-04,G002,2,,
"[Fecha, Codigo Producto, Cantidad Vendida, Precio, Total]",2026-02-04,G002,5,,
"[Fecha, Codigo Producto, Cantidad Vendida, Precio, Total]",2026-02-05,G002,2,,
"[Fecha, Codigo Producto, Cantidad Vendida, Precio, Total]",2026-02-05,G002,1,,
"[Fecha, Codigo Producto, Cantidad Vendida, Precio, Total]",2026-02-06,G002,2,,
"[Fecha, Codigo Producto, Cantidad Vendida, Precio, Total]",2026-02-07,G002,4,,
"[Fecha, Codigo Producto, Cantidad Vendida, Precio, Total]",2026-02-09,G002,5,,
"[Fecha, Codigo Producto, Cantidad Vendida, Precio, Total]",2026-02-09,G002,2,,
"[Fecha, Codigo Producto, Cantidad Vendida, Precio, Total]",2026-02-09,G002,1,,
"[Fecha, Codigo Producto, Cantidad Vendida, Precio, Total]",2026-02-10,G002,3,,
"[Fecha, Codigo Producto, Cantidad Vendida, Precio, Total]",2026-02-10,G002,1,,
"[Fecha, Codigo Producto, Cantidad Vendida, Precio, Total]",2026-02-12,G002,4,,
"[Fecha, Codigo Producto, Cantidad Vendida, Precio, Total]",2026-02-12,G002,1,,
"[Fecha, Codigo Producto, Cantidad Vendida, Precio, Total]",2026-02-12,G002,6,,
"[Fecha, Codigo Producto, Cantidad Vendida, Precio, Total]",2026-02-12,G002,4,,
"[Fecha, Codigo Producto, Cantidad Vendida, Precio, Total]",2026-02-14,G002,4,,
"[Fecha, Codigo Producto, Cantidad Vendida, Precio, Total]",2026-02-14,G002,2,,
"[Fecha, Codigo Producto, Cantidad Vendida, Precio, Total]",2026-01-05,G003,1,,
"[Fecha, Codigo Producto, Cantidad Vendida, Precio, Total]",2026-01-06,G003,2,,
"[Fecha, Codigo Producto, Cantidad Vendida, Precio, Total]",2026-01-06,G003,4,,
"[Fecha, Codigo Producto, Cantidad Vendida, Precio, Total]",2026-01-06,G003,1,,
"[Fecha, Codigo Producto, Cantidad Vendida, Precio, Total]",2026-01-06,G003,5,,
"[Fecha, Codigo Producto, Cantidad Vendida, Precio, Total]",2026-01-07,G003,4,,
"[Fecha, Codigo Producto, Cantidad Vendida, Precio, Total]",2026-01-07,G003,4,,
"[Fecha, Codigo Producto, Cantidad Vendida, Precio, Total]",2026-01-07,G003,3,,
"[Fecha, Codigo Producto, Cantidad Vendida, Precio, Total]",2026-01-08,G003,2,,
"[Fecha, Codigo Producto, Cantidad Vendida, Precio, Total]",2026-01-08,G003,4,,
"[Fecha, Codigo Producto, Cantidad Vendida, Precio, Total]",2026-01-08,G003,5,,
"[Fecha, Codigo Producto, Cantidad Vendida, Precio, Total]",2026-01-09,G003,6,,
"[Fecha, Codigo Producto, Cantidad Vendida, Precio, Total]",2026-01-09,G003,5,,
"[Fecha, Codigo Producto, Cantidad Vendida, Precio, Total]",2026-01-10,G003,3,,
"[Fecha, Codigo Producto, Cantidad Vendida, Precio, Total]",2026-01-10,G003,4,,
"[Fecha, Codigo Producto, Cantidad Vendida, Precio, Total]",2026-01-10,G003,6,,
"[Fecha, Codigo Producto, Cantidad Vendida, Precio, Total]",2026-01-12,G003,3,,
"[Fecha, Codigo Producto, Cantidad Vendida, Precio, Total]",2026-01-12,G003,4,,
"[Fecha, Codigo Producto, Cantidad Vendida, Precio, Total]",2026-01-12,G003,4,,
"[Fecha, Codigo Producto, Cantidad Vendida, Precio, Total]",2026-01-12,G003,4,,
"[Fecha, Codigo Producto, Cantidad Vendida, Precio, Total]",2026-01-13,G003,4,,
"[Fecha, Codigo Producto, Cantidad Vendida, Precio, Total]",2026-01-14,G003,1,,
"[Fecha, Codigo Producto, Cantidad Vendida, Precio, Total]",2026-01-14,G003,1,,
"[Fecha, Codigo Producto, Cantidad Vendida, Precio, Total]",2026-01-14,G003,2,,
"[Fecha, Codigo Producto, Cantidad Vendida, Precio, Total]",2026-01-14,G003,5,,
"[Fecha, Codigo Producto, Cantidad Vendida, Precio, Total]",2026-01-14,G003,5,,
"[Fecha, Codigo Producto, Cantidad Vendida, Precio, Total]",2026-01-14,G003,1,,
"[Fecha, Codigo Producto, Cantidad Vendida, Precio, Total]",2026-01-15,G003,5,,
"[Fecha, Codigo Producto, Cantidad Vendida, Precio, Total]",2026-01-15,G003,4,,
"[Fecha, Codigo Producto, Cantidad Vendida, Precio, Total]",2026-01-15,G003,2,,
"[Fecha, Codigo Producto, Cantidad Vendida, Precio, Total]",2026-01-16,G003,5,,
"[Fecha, Codigo Producto, Cantidad Vendida, Precio, Total]",2026-01-16,G003,2,,
"[Fecha, Codigo Producto, Cantidad Vendida, Precio, Total]",2026-01-16,G003,5,,
"[Fecha, Codigo Producto, Cantidad Vendida, Precio, Total]",2026-01-17,G003,5,,
"[Fecha, Codigo Producto, Cantidad Vendida, Precio, Total]",2026-01-17,G003,6,,
"[Fecha, Codigo Producto, Cantidad Vendida, Precio, Total]",2026-01-19,G003,3,,
"[Fecha, Codigo Producto, Cantidad Vendida, Precio, Total]",2026-01-19,G003,6,,
"[Fecha, Codigo Producto, Cantidad Vendida, Precio, Total]",2026-01-20,G003,3,,
"[Fecha, Codigo Producto, Cantidad Vendida, Precio, Total]",2026-01-20,G003,2,,
"[Fecha, Codigo Producto, Cantidad Vendida, Precio, Total]",2026-01-20,G003,4,,
"[Fecha, Codigo Producto, Cantidad Vendida, Precio, Total]",2026-01-21,G003,3,,
"[Fecha, Codigo Producto, Cantidad Vendida, Precio, Total]",2026-01-21,G003,2,,
"[Fecha, Codigo Producto, Cantidad Vendida, Precio, Total]",2026-01-21,G003,5,,
"[Fecha, Codigo Producto, Cantidad Vendida, Precio, Total]",2026-01-22,G003,5,,
"[Fecha, Codigo Producto, Cantidad Vendida, Precio, Total]",2026-01-22,G003,1,,
"[Fecha, Codigo Producto, Cantidad Vendida, Precio, Total]",2026-01-22,G003,3,,
"[Fecha, Codigo Producto, Cantidad Vendida, Precio, Total]",2026-01-23,G003,2,,
"[Fecha, Codigo Producto, Cantidad Vendida, Precio, Total]",2026-01-23,G003,4,,
"[Fecha, Codigo Producto, Cantidad Vendida, Precio, Total]",2026-01-23,G003,2,,
"[Fecha, Codigo Producto, Cantidad Vendida, Precio, Total]",2026-01-24,G003,2,,
"[Fecha, Codigo Producto, Cantidad Vendida, Precio, Total]",2026-01-24,G003,4,,
"[Fecha, Codigo Producto, Cantidad Vendida, Precio, Total]",2026-01-26,G003,2,,
"[Fecha, Codigo Producto, Cantidad Vendida, Precio, Total]",2026-01-27,G003,3,,
"[Fecha, Codigo Producto, Cantidad Vendida, Precio, Total]",2026-01-27,G003,3,,
"[Fecha, Codigo Producto, Cantidad Vendida, Precio, Total]",2026-01-27,G003,1,,
"[Fecha, Codigo Producto, Cantidad Vendida, Precio, Total]",2026-01-27,G003,3,,
"[Fecha, Codigo Producto, Cantidad Vendida, Precio, Total]",2026-01-27,G003,5,,
"[Fecha, Codigo Producto, Cantidad Vendida, Precio, Total]",2026-01-27,G003,2,,
"[Fecha, Codigo Producto, Cantidad Vendida, Precio, Total]",2026-01-28,G003,2,,
"[Fecha, Codigo Producto, Cantidad Vendida, Precio, Total]",2026-01-28,G003,6,,
"[Fecha, Codigo Producto, Cantidad Vendida, Precio, Total]",2026-01-29,G003,2,,
"[Fecha, Codigo Producto, Cantidad Vendida, Precio, Total]",2026-01-29,G003,5,,
"[Fecha, Codigo Producto, Cantidad Vendida, Precio, Total]",2026-01-29,G003,1,,
"[Fecha, Codigo Producto, Cantidad Vendida, Precio, Total]",2026-01-29,G003,1,,
"[Fecha, Codigo Producto, Cantidad Vendida, Precio, Total]",2026-01-29,G003,2,,
"[Fecha, Codigo Producto, Cantidad Vendida, Precio, Total]",2026-01-29,G003,6,,
"[Fecha, Codigo Producto, Cantidad Vendida, Precio, Total]",2026-01-30,G003,3,,
"[Fecha, Codigo Producto, Cantidad Vendida, Precio, Total]",2026-01-30,G003,5,,
"[Fecha, Codigo Producto, Cantidad Vendida, Precio, Total]",2026-01-30,G003,5,,
"[Fecha, Codigo Producto, Cantidad Vendida, Precio, Total]",2026-01-31,G003,5,,
"[Fecha, Codigo Producto, Cantidad Vendida, Precio, Total]",2026-02-02,G003,4,,
"[Fecha, Codigo Producto, Cantidad Vendida, Precio, Total]",2026-02-02,G003,2,,
"[Fecha, Codigo Producto, Cantidad Vendida, Precio, Total]",2026-02-02,G003,2,,
"[Fecha, Codigo Producto, Cantidad Vendida, Precio, Total]",2026-02-02,G003,2,,
"[Fecha, Codigo Producto, Cantidad Vendida, Precio, Total]",2026-02-02,G003,2,,
"[Fecha, Codigo Producto, Cantidad Vendida, Precio, Total]",2026-02-03,G003,6,,
"[Fecha, Codigo Producto, Cantidad Vendida, Precio, Total]",2026-02-03,G003,6,,
"[Fecha, Codigo Producto, Cantidad Vendida, Precio, Total]",2026-02-03,G003,5,,
"[Fecha, Codigo Producto, Cantidad Vendida, Precio, Total]",2026-02-04,G003,5,,
"[Fecha, Codigo Producto, Cantidad Vendida, Precio, Total]",2026-02-04,G003,6,,
"[Fecha, Codigo Producto, Cantidad Vendida, Precio, Total]",2026-02-05,G003,2,,
"[Fecha, Codigo Producto, Cantidad Vendida, Precio, Total]",2026-02-05,G003,4,,
"[Fecha, Codigo Producto, Cantidad Vendida, Precio, Total]",2026-02-05,G003,2,,
"[Fecha, Codigo Producto, Cantidad Vendida, Precio, Total]",2026-02-06,G003,6,,
"[Fecha, Codigo Producto, Cantidad Vendida, Precio, Total]",2026-02-06,G003,3,,
"[Fecha, Codigo Producto, Cantidad Vendida, Precio, Total]",2026-02-06,G003,2,,
"[Fecha, Codigo Producto, Cantidad Vendida, Precio, Total]",2026-02-06,G003,4,,
"[Fecha, Codigo Producto, Cantidad Vendida, Precio, Total]",2026-02-07,G003,4,,
"[Fecha, Codigo Producto, Cantidad Vendida, Precio, Total]",2026-02-07,G003,6,,
"[Fecha, Codigo Producto, Cantidad Vendida, Precio, Total]",2026-02-07,G003,5,,
"[Fecha, Codigo Producto, Cantidad Vendida, Precio, Total]",2026-02-09,G003,4,,
"[Fecha, Codigo Producto, Cantidad Vendida, Precio, Total]",2026-02-09,G003,2,,
"[Fecha, Codigo Producto, Cantidad Vendida, Precio, Total]",2026-02-10,G003,6,,
"[Fecha, Codigo Producto, Cantidad Vendida, Precio, Total]",2026-02-12,G003,3,,
"[Fecha, Codigo Producto, Cantidad Vendida, Precio, Total]",2026-02-13,G003,2,,
"[Fecha, Codigo Producto, Cantidad Vendida, Precio, Total]",2026-02-13,G003,5,,
"[Fecha, Codigo Producto, Cantidad Vendida, Precio, Total]",2026-02-14,G003,3,,
"[Fecha, Codigo Producto, Cantidad Vendida, Precio, Total]",2026-02-14,G003,1,,
"[Fecha, Codigo Producto, Cantidad Vendida, Precio, Total]",2026-03-02,G003,2,,
"[Fecha, Codigo Producto, Cantidad Vendida, Precio, Total]",2026-03-03,G003,1,,
"[Fecha, Codigo Producto, Cantidad Vendida, Precio, Total]",2026-01-05,L001,3,,
"[Fecha, Codigo Producto, Cantidad Vendida, Precio, Total]",2026-01-06,L001,3,,
"[Fecha, Codigo Producto, Cantidad Vendida, Precio, Total]",2026-01-06,L001,2,,
"[Fecha, Codigo Producto, Cantidad Vendida, Precio, Total]",2026-01-06,L001,2,,
"[Fecha, Codigo Producto, Cantidad Vendida, Precio, Total]",2026-01-06,L001,1,,
"[Fecha, Codigo Producto, Cantidad Vendida, Precio, Total]",2026-01-07,L001,2,,
"[Fecha, Codigo Producto, Cantidad Vendida, Precio, Total]",2026-01-07,L001,3,,
"[Fecha, Codigo Producto, Cantidad Vendida, Precio, Total]",2026-01-07,L001,1,,
"[Fecha, Codigo Producto, Cantidad Vendida, Precio, Total]",2026-01-08,L001,2,,
"[Fecha, Codigo Producto, Cantidad Vendida, Precio, Total]",2026-01-08,L001,3,,
"[Fecha, Codigo Producto, Cantidad Vendida, Precio, Total]",2026-01-09,L001,4,,
"[Fecha, Codigo Producto, Cantidad Vendida, Precio, Total]",2026-01-09,L001,3,,
"[Fecha, Codigo Producto, Cantidad Vendida, Precio, Total]",2026-01-10,L001,3,,
"[Fecha, Codigo Producto, Cantidad Vendida, Precio, Total]",2026-01-10,L001,2,,
"[Fecha, Codigo Producto, Cantidad Vendida, Precio, Total]",2026-01-10,L001,2,,
"[Fecha, Codigo Producto, Cantidad Vendida, Precio, Total]",2026-01-10,L001,1,,
"[Fecha, Codigo Producto, Cantidad Vendida, Precio, Total]",2026-01-10,L001,2,,
"[Fecha, Codigo Producto, Cantidad Vendida, Precio, Total]",2026-01-12,L001,1,,
"[Fecha, Codigo Producto, Cantidad Vendida, Precio, Total]",2026-01-12,L001,2,,
"[Fecha, Codigo Producto, Cantidad Vendida, Precio, Total]",2026-01-12,L001,1,,
"[Fecha, Codigo Producto, Cantidad Vendida, Precio, Total]",2026-01-13,L001,3,,
"[Fecha, Codigo Producto, Cantidad Vendida, Precio, Total]",2026-01-14,L001,4,,
"[Fecha, Codigo Producto, Cantidad Vendida, Precio, Total]",2026-01-14,L001,1,,
"[Fecha, Codigo Producto, Cantidad Vendida, Precio, Total]",2026-01-14,L001,3,,
"[Fecha, Codigo Producto, Cantidad Vendida, Precio, Total]",2026-01-15,L001,4,,
"[Fecha, Codigo Producto, Cantidad Vendida, Precio, Total]",2026-01-15,L001,3,,
"[Fecha, Codigo Producto, Cantidad Vendida, Precio, Total]",2026-01-16,L001,4,,
"[Fecha, Codigo Producto, Cantidad Vendida, Precio, Total]",2026-01-16,L001,2,,
"[Fecha, Codigo Producto, Cantidad Vendida, Precio, Total]",2026-01-16,L001,4,,
"[Fecha, Codigo Producto, Cantidad Vendida, Precio, Total]",2026-01-17,L001,3,,
"[Fecha, Codigo Producto, Cantidad Vendida, Precio, Total]",2026-01-17,L001,1,,
"[Fecha, Codigo Producto, Cantidad Vendida, Precio, Total]",2026-01-17,L001,3,,
"[Fecha, Codigo Producto, Cantidad Vendida, Precio, Total]",2026-01-19,L001,3,,
"[Fecha, Codigo Producto, Cantidad Vendida, Precio, Total]",2026-01-20,L001,3,,
"[Fecha, Codigo Producto, Cantidad Vendida, Precio, Total]",2026-01-20,L001,3,,
"[Fecha, Codigo Producto, Cantidad Vendida, Precio, Total]",2026-01-20,L001,1,,
"[Fecha, Codigo Producto, Cantidad Vendida, Precio, Total]",2026-01-20,L001,2,,
"[Fecha, Codigo Producto, Cantidad Vendida, Precio, Total]",2026-01-21,L001,2,,
"[Fecha, Codigo Producto, Cantidad Vendida, Precio, Total]",2026-01-21,L001,3,,
"[Fecha, Codigo Producto, Cantidad Vendida, Precio, Total]",2026-01-21,L001,3,,
"[Fecha, Codigo Producto, Cantidad Vendida, Precio, Total]",2026-01-22,L001,4,,
"[Fecha, Codigo Producto, Cantidad Vendida, Precio, Total]",2026-01-23,L001,1,,
"[Fecha, Codigo Producto, Cantidad Vendida, Precio, Total]",2026-01-24,L001,1,,
"[Fecha, Codigo Producto, Cantidad Vendida, Precio, Total]",2026-01-24,L001,3,,
"[Fecha, Codigo Producto, Cantidad Vendida, Precio, Total]",2026-01-24,L001,1,,
"[Fecha, Codigo Producto, Cantidad Vendida, Precio, Total]",2026-01-24,L001,3,,
"[Fecha, Codigo Producto, Cantidad Vendida, Precio, Total]",2026-01-26,L001,2,,
"[Fecha, Codigo Producto, Cantidad Vendida, Precio, Total]",2026-01-26,L001,3,,
"[Fecha, Codigo Producto, Cantidad Vendida, Precio, Total]",2026-01-26,L001,2,,
"[Fecha, Codigo Producto, Cantidad Vendida, Precio, Total]",2026-01-26,L001,4,,
"[Fecha, Codigo Producto, Cantidad Vendida, Precio, Total]",2026-01-26,L001,1,,
"[Fecha, Codigo Producto, Cantidad Vendida, Precio, Total]",2026-01-27,L001,3,,
"[Fecha, Codigo Producto, Cantidad Vendida, Precio, Total]",2026-01-27,L001,1,,
"[Fecha, Codigo Producto, Cantidad Vendida, Precio, Total]",2026-01-27,L001,1,,
"[Fecha, Codigo Producto, Cantidad Vendida, Precio, Total]",2026-01-27,L001,4,,
"[Fecha, Codigo Producto, Cantidad Vendida, Precio, Total]",2026-01-28,L001,2,,
"[Fecha, Codigo Producto, Cantidad Vendida, Precio, Total]",2026-01-28,L001,4,,
"[Fecha, Codigo Producto, Cantidad Vendida, Precio, Total]",2026-01-29,L001,1,,
"[Fecha, Codigo Producto, Cantidad Vendida, Precio, Total]",2026-01-29,L001,4,,
"[Fecha, Codigo Producto, Cantidad Vendida, Precio, Total]",2026-01-29,L001,3,,
"[Fecha, Codigo Producto, Cantidad Vendida, Precio, Total]",2026-01-30,L001,2,,
"[Fecha, Codigo Producto, Cantidad Vendida, Precio, Total]",2026-01-30,L001,1,,
"[Fecha, Codigo Producto, Cantidad Vendida, Precio, Total]",2026-01-30,L001,1,,
"[Fecha, Codigo Producto, Cantidad Vendida, Precio, Total]",2026-01-31,L001,3,,
"[Fecha, Codigo Producto, Cantidad Vendida, Precio, Total]",2026-01-31,L001,1,,
"[Fecha, Codigo Producto, Cantidad Vendida, Precio, Total]",2026-02-02,L001,3,,
"[Fecha, Codigo Producto, Cantidad Vendida, Precio, Total]",2026-02-02,L001,1,,
"[Fecha, Codigo Producto, Cantidad Vendida, Precio, Total]",2026-02-03,L001,1,,
"[Fecha, Codigo Producto, Cantidad Vendida, Precio, Total]",2026-02-03,L001,1,,
"[Fecha, Codigo Producto, Cantidad Vendida, Precio, Total]",2026-02-03,L001,3,,
"[Fecha, Codigo Producto, Cantidad Vendida, Precio, Total]",2026-02-03,L001,1,,
"[Fecha, Codigo Producto, Cantidad Vendida, Precio, Total]",2026-02-04,L001,3,,
"[Fecha, Codigo Producto, Cantidad Vendida, Precio, Total]",2026-02-04,L001,4,,
"[Fecha, Codigo Producto, Cantidad Vendida, Precio, Total]",2026-02-04,L001,4,,
"[Fecha, Codigo Producto, Cantidad Vendida, Precio, Total]",2026-02-04,L001,3,,
"[Fecha, Codigo Producto, Cantidad Vendida, Precio, Total]",2026-02-05,L001,4,,
"[Fecha, Codigo Producto, Cantidad Vendida, Precio, Total]",2026-02-05,L001,1,,
"[Fecha, Codigo Producto, Cantidad Vendida, Precio, Total]",2026-02-05,L001,1,,
"[Fecha, Codigo Producto, Cantidad Vendida, Precio, Total]",2026-02-05,L001,4,,
"[Fecha, Codigo Producto, Cantidad Vendida, Precio, Total]",2026-02-05,L001,4,,
"[Fecha, Codigo Producto, Cantidad Vendida, Precio, Total]",2026-02-06,L001,4,,
"[Fecha, Codigo Producto, Cantidad Vendida, Precio, Total]",2026-02-06,L001,2,,
"[Fecha, Codigo Producto, Cantidad Vendida, Precio, Total]",2026-02-06,L001,3,,
"[Fecha, Codigo Producto, Cantidad Vendida, Precio, Total]",2026-02-06,L001,4,,
"[Fecha, Codigo Producto, Cantidad Vendida, Precio, Total]",2026-02-07,L001,3,,
"[Fecha, Codigo Producto, Cantidad Vendida, Precio, Total]",2026-02-09,L001,2,,
"[Fecha, Codigo Producto, Cantidad Vendida, Precio, Total]",2026-02-09,L001,2,,
"[Fecha, Codigo Producto, Cantidad Vendida, Precio, Total]",2026-02-10,L001,4,,
"[Fecha, Codigo Producto, Cantidad Vendida, Precio, Total]",2026-02-10,L001,4,,
"[Fecha, Codigo Producto, Cantidad Vendida, Precio, Total]",2026-02-11,L001,4,,
"[Fecha, Codigo Producto, Cantidad Vendida, Precio, Total]",2026-02-11,L001,1,,
"[Fecha, Codigo Producto, Cantidad Vendida, Precio, Total]",2026-02-11,L001,1,,
"[Fecha, Codigo Producto, Cantidad Vendida, Precio, Total]",2026-02-12,L001,1,,
"[Fecha, Codigo Producto, Cantidad Vendida, Precio, Total]",2026-02-12,L001,2,,
"[Fecha, Codigo Producto, Cantidad Vendida, Precio, Total]",2026-02-13,L001,2,,
"[Fecha, Codigo Producto, Cantidad Vendida, Precio, Total]",2026-02-13,L001,3,,
"[Fecha, Codigo Producto, Cantidad Vendida, Precio, Total]",2026-02-13,L001,2,,
"[Fecha, Codigo Producto, Cantidad Vendida, Precio, Total]",2026-02-14,L001,2,,
"[Fecha, Codigo Producto, Cantidad Vendida, Precio, Total]",2026-02-14,L001,1,,
"[Fecha, Codigo Producto, Cantidad Vendida, Precio, Total]",2026-02-14,L001,1,,
"[Fecha, Codigo Producto, Cantidad Vendida, Precio, Total]",2026-03-02,L001,2,,
"[Fecha, Codigo Producto, Cantidad Vendida, Precio, Total]",2026-01-06,L002,4,,
"[Fecha, Codigo Producto, Cantidad Vendida, Precio, Total]",2026-01-06,L002,4,,
"[Fecha, Codigo Producto, Cantidad Vendida, Precio, Total]",2026-01-08,L002,2,,
"[Fecha, Codigo Producto, Cantidad Vendida, Precio, Total]",2026-01-09,L002,2,,
"[Fecha, Codigo Producto, Cantidad Vendida, Precio, Total]",2026-01-10,L002,1,,
"[Fecha, Codigo Producto, Cantidad Vendida, Precio, Total]",2026-01-12,L002,1,,
"[Fecha, Codigo Producto, Cantidad Vendida, Precio, Total]",2026-01-12,L002,3,,
"[Fecha, Codigo Producto, Cantidad Vendida, Precio, Total]",2026-01-13,L002,4,,
"[Fecha, Codigo Producto, Cantidad Vendida, Precio, Total]",2026-01-14,L002,4,,
"[Fecha, Codigo Producto, Cantidad Vendida, Precio, Total]",2026-01-14,L002,3,,
"[Fecha, Codigo Producto, Cantidad Vendida, Precio, Total]",2026-01-17,L002,3,,
"[Fecha, Codigo Producto, Cantidad Vendida, Precio, Total]",2026-01-20,L002,3,,
"[Fecha, Codigo Producto, Cantidad Vendida, Precio, Total]",2026-01-20,L002,3,,
"[Fecha, Codigo Producto, Cantidad Vendida, Precio, Total]",2026-01-20,L002,3,,
"[Fecha, Codigo Producto, Cantidad Vendida, Precio, Total]",2026-01-21,L002,2,,
"[Fecha, Codigo Producto, Cantidad Vendida, Precio, Total]",2026-01-22,L002,2,,
"[Fecha, Codigo Producto, Cantidad Vendida, Precio, Total]",2026-01-26,L002,3,,
"[Fecha, Codigo Producto, Cantidad Vendida, Precio, Total]",2026-01-27,L002,2,,
"[Fecha, Codigo Producto, Cantidad Vendida, Precio, Total]",2026-01-27,L002,4,,
"[Fecha, Codigo Producto, Cantidad Vendida, Precio, Total]",2026-01-29,L002,2,,
"[Fecha, Codigo Producto, Cantidad Vendida, Precio, Total]",2026-01-29,L002,1,,
"[Fecha, Codigo Producto, Cantidad Vendida, Precio, Total]",2026-01-30,L002,3,,
"[Fecha, Codigo Producto, Cantidad Vendida, Precio, Total]",2026-02-03,L002,4,,
"[Fecha, Codigo Producto, Cantidad Vendida, Precio, Total]",2026-02-04,L002,4,,
"[Fecha, Codigo Producto, Cantidad Vendida, Precio, Total]",2026-02-06,L002,4,,
"[Fecha, Codigo Producto, Cantidad Vendida, Precio, Total]",2026-02-07,L002,3,,
"[Fecha, Codigo Producto, Cantidad Vendida, Precio, Total]",2026-02-10,L002,3,,
"[Fecha, Codigo Producto, Cantidad Vendida, Precio, Total]",2026-02-13,L002,3,,
"[Fecha, Codigo Producto, Cantidad Vendida, Precio, Total]",2026-02-13,L002,3,,
"[Fecha, Codigo Producto, Cantidad Vendida, Precio, Total]",2026-02-14,L002,3,,
"[Fecha, Codigo Producto, Cantidad Vendida, Precio, Total]",2026-01-05,S001,2,,
"[Fecha, Codigo Producto, Cantidad Vendida, Precio, Total]",2026-01-05,S001,2,,
"[Fecha, Codigo Producto, Cantidad Vendida, Precio, Total]",2026-01-05,S001,2,,
"[Fecha, Codigo Producto, Cantidad Vendida, Precio, Total]",2026-01-06,S001,3,,
"[Fecha, Codigo Producto, Cantidad Vendida, Precio, Total]",2026-01-06,S001,3,,
"[Fecha, Codigo Producto, Cantidad Vendida, Precio, Total]",2026-01-07,S001,4,,
"[Fecha, Codigo Producto, Cantidad Vendida, Precio, Total]",2026-01-07,S001,1,,
"[Fecha, Codigo Producto, Cantidad Vendida, Precio, Total]",2026-01-08,S001,1,,
"[Fecha, Codigo Producto, Cantidad Vendida, Precio, Total]",2026-01-08,S001,2,,
"[Fecha, Codigo Producto, Cantidad Vendida, Precio, Total]",2026-01-08,S001,3,,
"[Fecha, Codigo Producto, Cantidad Vendida, Precio, Total]",2026-01-09,S001,2,,
"[Fecha, Codigo Producto, Cantidad Vendida, Precio, Total]",2026-01-10,S001,2,,
"[Fecha, Codigo Producto, Cantidad Vendida, Precio, Total]",2026-01-13,S001,2,,
"[Fecha, Codigo Producto, Cantidad Vendida, Precio, Total]",2026-01-14,S001,3,,
"[Fecha, Codigo Producto, Cantidad Vendida, Precio, Total]",2026-01-14,S001,4,,
"[Fecha, Codigo Producto, Cantidad Vendida, Precio, Total]",2026-01-14,S001,4,,
"[Fecha, Codigo Producto, Cantidad Vendida, Precio, Total]",2026-01-14,S001,1,,
"[Fecha, Codigo Producto, Cantidad Vendida, Precio, Total]",2026-01-15,S001,1,,
"[Fecha, Codigo Producto, Cantidad Vendida, Precio, Total]",2026-01-16,S001,4,,
"[Fecha, Codigo Producto, Cantidad Vendida, Precio, Total]",2026-01-16,S001,1,,
"[Fecha, Codigo Producto, Cantidad Vendida, Precio, Total]",2026-01-17,S001,2,,
"[Fecha, Codigo Producto, Cantidad Vendida, Precio, Total]",2026-01-17,S001,1,,
"[Fecha, Codigo Producto, Cantidad Vendida, Precio, Total]",2026-01-19,S001,1,,
"[Fecha, Codigo Producto, Cantidad Vendida, Precio, Total]",2026-01-19,S001,2,,
"[Fecha, Codigo Producto, Cantidad Vendida, Precio, Total]",2026-01-19,S001,2,,
"[Fecha, Codigo Producto, Cantidad Vendida, Precio, Total]",2026-01-20,S001,4,,
"[Fecha, Codigo Producto, Cantidad Vendida, Precio, Total]",2026-01-20,S001,4,,
"[Fecha, Codigo Producto, Cantidad Vendida, Precio, Total]",2026-01-20,S001,3,,
"[Fecha, Codigo Producto, Cantidad Vendida, Precio, Total]",2026-01-21,S001,3,,
"[Fecha, Codigo Producto, Cantidad Vendida, Precio, Total]",2026-01-22,S001,2,,
"[Fecha, Codigo Producto, Cantidad Vendida, Precio, Total]",2026-01-22,S001,4,,
"[Fecha, Codigo Producto, Cantidad Vendida, Precio, Total]",2026-01-22,S001,1,,
"[Fecha, Codigo Producto, Cantidad Vendida, Precio, Total]",2026-01-23,S001,2,,
"[Fecha, Codigo Producto, Cantidad Vendida, Precio, Total]",2026-01-23,S001,4,,
"[Fecha, Codigo Producto, Cantidad Vendida, Precio, Total]",2026-01-23,S001,2,,
"[Fecha, Codigo Producto, Cantidad Vendida, Precio, Total]",2026-01-26,S001,2,,
"[Fecha, Codigo Producto, Cantidad Vendida, Precio, Total]",2026-01-27,S001,1,,
"[Fecha, Codigo Producto, Cantidad Vendida, Precio, Total]",2026-01-27,S001,3,,
"[Fecha, Codigo Producto, Cantidad Vendida, Precio, Total]",2026-01-28,S001,4,,
"[Fecha, Codigo Producto, Cantidad Vendida, Precio, Total]",2026-01-28,S001,4,,
"[Fecha, Codigo Producto, Cantidad Vendida, Precio, Total]",2026-01-28,S001,2,,
"[Fecha, Codigo Producto, Cantidad Vendida, Precio, Total]",2026-01-28,S001,1,,
"[Fecha, Codigo Producto, Cantidad Vendida, Precio, Total]",2026-01-30,S001,2,,
"[Fecha, Codigo Producto, Cantidad Vendida, Precio, Total]",2026-01-31,S001,4,,
"[Fecha, Codigo Producto, Cantidad Vendida, Precio, Total]",2026-02-02,S001,3,,
"[Fecha, Codigo Producto, Cantidad Vendida, Precio, Total]",2026-02-02,S001,3,,
"[Fecha, Codigo Producto, Cantidad Vendida, Precio, Total]",2026-02-02,S001,2,,
"[Fecha, Codigo Producto, Cantidad Vendida, Precio, Total]",2026-02-02,S001,2,,
"[Fecha, Codigo Producto, Cantidad Vendida, Precio, Total]",2026-02-03,S001,1,,
"[Fecha, Codigo Producto, Cantidad Vendida, Precio, Total]",2026-02-04,S001,4,,
"[Fecha, Codigo Producto, Cantidad Vendida, Precio, Total]",2026-02-04,S001,1,,
"[Fecha, Codigo Producto, Cantidad Vendida, Precio, Total]",2026-02-05,S001,1,,
"[Fecha, Codigo Producto, Cantidad Vendida, Precio, Total]",2026-02-05,S001,3,,
"[Fecha, Codigo Producto, Cantidad Vendida, Precio, Total]",2026-02-06,S001,3,,
"[Fecha, Codigo Producto, Cantidad Vendida, Precio, Total]",2026-02-07,S001,1,,
"[Fecha, Codigo Producto, Cantidad Vendida, Precio, Total]",2026-02-09,S001,1,,
"[Fecha, Codigo Producto, Cantidad Vendida, Precio, Total]",2026-02-09,S001,4,,
"[Fecha, Codigo Producto, Cantidad Vendida, Precio, Total]",2026-02-09,S001,1,,
"[Fecha, Codigo Producto, Cantidad Vendida, Precio, Total]",2026-02-10,S001,3,,
"[Fecha, Codigo Producto, Cantidad Vendida, Precio, Total]",2026-02-10,S001,2,,
"[Fecha, Codigo Producto, Cantidad Vendida, Precio, Total]",2026-02-12,S001,4,,
"[Fecha, Codigo Producto, Cantidad Vendida, Precio, Total]",2026-02-12,S001,2,,
"[Fecha, Codigo Producto, Cantidad Vendida, Precio, Total]",2026-02-12,S001,1,,
"[Fecha, Codigo Producto, Cantidad Vendida, Precio, Total]",2026-02-12,S001,4,,
"[Fecha, Codigo Producto, Cantidad Vendida, Precio, Total]",2026-02-14,S001,1,,
"[Fecha, Codigo Producto, Cantidad Vendida, Precio, Total]",2026-02-14,S001,4,,
"[Fecha, Codigo Producto, Cantidad Vendida, Precio, Total]",2026-03-02,S001,2,,
"[Fecha, Codigo Producto, Cantidad Vendida, Precio, Total]",2026-01-05,S002,3,,
"[Fecha, Codigo Producto, Cantidad Vendida, Precio, Total]",2026-01-05,S002,1,,
"[Fecha, Codigo Producto, Cantidad Vendida, Precio, Total]",2026-01-05,S002,2,,
"[Fecha, Codigo Producto, Cantidad Vendida, Precio, Total]",2026-01-07,S002,2,,
"[Fecha, Codigo Producto, Cantidad Vendida, Precio, Total]",2026-01-08,S002,2,,
"[Fecha, Codigo Producto, Cantidad Vendida, Precio, Total]",2026-01-08,S002,3,,
"[Fecha, Codigo Producto, Cantidad Vendida, Precio, Total]",2026-01-10,S002,1,,
"[Fecha, Codigo Producto, Cantidad Vendida, Precio, Total]",2026-01-10,S002,1,,
"[Fecha, Codigo Producto, Cantidad Vendida, Precio, Total]",2026-01-10,S002,4,,
"[Fecha, Codigo Producto, Cantidad Vendida, Precio, Total]",2026-01-13,S002,3,,
"[Fecha, Codigo Producto, Cantidad Vendida, Precio, Total]",2026-01-14,S002,2,,
"[Fecha, Codigo Producto, Cantidad Vendida, Precio, Total]",2026-01-14,S002,2,,
"[Fecha, Codigo Producto, Cantidad Vendida, Precio, Total]",2026-01-14,S002,2,,
"[Fecha, Codigo Producto, Cantidad Vendida, Precio, Total]",2026-01-15,S002,3,,
"[Fecha, Codigo Producto, Cantidad Vendida, Precio, Total]",2026-01-15,S002,4,,
"[Fecha, Codigo Producto, Cantidad Vendida, Precio, Total]",2026-01-16,S002,4,,
"[Fecha, Codigo Producto, Cantidad Vendida, Precio, Total]",2026-01-17,S002,1,,
"[Fecha, Codigo Producto, Cantidad Vendida, Precio, Total]",2026-01-17,S002,3,,
"[Fecha, Codigo Producto, Cantidad Vendida, Precio, Total]",2026-01-19,S002,3,,
"[Fecha, Codigo Producto, Cantidad Vendida, Precio, Total]",2026-01-19,S002,3,,
"[Fecha, Codigo Producto, Cantidad Vendida, Precio, Total]",2026-01-19,S002,2,,
"[Fecha, Codigo Producto, Cantidad Vendida, Precio, Total]",2026-01-20,S002,1,,
"[Fecha, Codigo Producto, Cantidad Vendida, Precio, Total]",2026-01-21,S002,3,,
"[Fecha, Codigo Producto, Cantidad Vendida, Precio, Total]",2026-01-21,S002,2,,
"[Fecha, Codigo Producto, Cantidad Vendida, Precio, Total]",2026-01-21,S002,3,,
"[Fecha, Codigo Producto, Cantidad Vendida, Precio, Total]",2026-01-22,S002,4,,
"[Fecha, Codigo Producto, Cantidad Vendida, Precio, Total]",2026-01-22,S002,1,,
"[Fecha, Codigo Producto, Cantidad Vendida, Precio, Total]",2026-01-22,S002,3,,
"[Fecha, Codigo Producto, Cantidad Vendida, Precio, Total]",2026-01-23,S002,1,,
"[Fecha, Codigo Producto, Cantidad Vendida, Precio, Total]",2026-01-23,S002,3,,
"[Fecha, Codigo Producto, Cantidad Vendida, Precio, Total]",2026-01-26,S002,3,,
"[Fecha, Codigo Producto, Cantidad Vendida, Precio, Total]",2026-01-27,S002,1,,
"[Fecha, Codigo Producto, Cantidad Vendida, Precio, Total]",2026-01-27,S002,3,,
"[Fecha, Codigo Producto, Cantidad Vendida, Precio, Total]",2026-01-28,S002,4,,
"[Fecha, Codigo Producto, Cantidad Vendida, Precio, Total]",2026-01-28,S002,3,,
"[Fecha, Codigo Producto, Cantidad Vendida, Precio, Total]",2026-01-28,S002,3,,
"[Fecha, Codigo Producto, Cantidad Vendida, Precio, Total]",2026-01-28,S002,3,,
"[Fecha, Codigo Producto, Cantidad Vendida, Precio, Total]",2026-01-28,S002,2,,
"[Fecha, Codigo Producto, Cantidad Vendida, Precio, Total]",2026-01-30,S002,1,,
"[Fecha, Codigo Producto, Cantidad Vendida, Precio, Total]",2026-02-02,S002,3,,
"[Fecha, Codigo Producto, Cantidad Vendida, Precio, Total]",2026-02-02,S002,1,,
"[Fecha, Codigo Producto, Cantidad Vendida, Precio, Total]",2026-02-02,S002,4,,
"[Fecha, Codigo Producto, Cantidad Vendida, Precio, Total]",2026-02-03,S002,4,,
"[Fecha, Codigo Producto, Cantidad Vendida, Precio, Total]",2026-02-03,S002,2,,
"[Fecha, Codigo Producto, Cantidad Vendida, Precio, Total]",2026-02-04,S002,4,,
"[Fecha, Codigo Producto, Cantidad Vendida, Precio, Total]",2026-02-04,S002,2,,
"[Fecha, Codigo Producto, Cantidad Vendida, Precio, Total]",2026-02-04,S002,2,,
"[Fecha, Codigo Producto, Cantidad Vendida, Precio, Total]",2026-02-04,S002,4,,
"[Fecha, Codigo Producto, Cantidad Vendida, Precio, Total]",2026-02-05,S002,2,,
"[Fecha, Codigo Producto, Cantidad Vendida, Precio, Total]",2026-02-05,S002,4,,
"[Fecha, Codigo Producto, Cantidad Vendida, Precio, Total]",2026-02-05,S002,3,,
"[Fecha, Codigo Producto, Cantidad Vendida, Precio, Total]",2026-02-05,S002,3,,
"[Fecha, Codigo Producto, Cantidad Vendida, Precio, Total]",2026-02-06,S002,2,,
"[Fecha, Codigo Producto, Cantidad Vendida, Precio, Total]",2026-02-07,S002,4,,
"[Fecha, Codigo Producto, Cantidad Vendida, Precio, Total]",2026-02-09,S002,2,,
"[Fecha, Codigo Producto, Cantidad Vendida, Precio, Total]",2026-02-09,S002,4,,
"[Fecha, Codigo Producto, Cantidad Vendida, Precio, Total]",2026-02-09,S002,2,,
"[Fecha, Codigo Producto, Cantidad Vendida, Precio, Total]",2026-02-10,S002,3,,
"[Fecha, Codigo Producto, Cantidad Vendida, Precio, Total]",2026-02-11,S002,1,,
"[Fecha, Codigo Producto, Cantidad Vendida, Precio, Total]",2026-02-11,S002,3,,
"[Fecha, Codigo Producto, Cantidad Vendida, Precio, Total]",2026-02-12,S002,3,,
"[Fecha, Codigo Producto, Cantidad Vendida, Precio, Total]",2026-02-12,S002,4,,
"[Fecha, Codigo Producto, Cantidad Vendida, Precio, Total]",2026-02-12,S002,1,,
"[Fecha, Codigo Producto, Cantidad Vendida, Precio, Total]",2026-02-12,S002,2,,
"[Fecha, Codigo Producto, Cantidad Vendida, Precio, Total]",2026-02-12,S002,4,,
"[Fecha, Codigo Producto, Cantidad Vendida, Precio, Total]",2026-02-12,S002,4,,
"[Fecha, Codigo Producto, Cantidad Vendida, Precio, Total]",2026-02-14,S002,1,,